response,horizon,cumulative_response,cumulative_HAC_se_independence_approx,CI_68_low,CI_68_high,CI_low,CI_high,min_F_stat_to_horizon,weak_iv_flag_to_horizon,ci_method
ln_ecb_assets_ea_stock,0,3.7078078200004777e-07,9.981843482503575e-08,2.71515552598632e-07,4.7004601140146353e-07,2.0659406744146863e-07,5.349674965586269e-07,0.20642234843362534,weak_iv_risk,sum_of_reported_horizon_betas_with_independence_se_approximation
ln_ecb_assets_ea_stock,1,6.645337163634204e-07,2.0069085181106679e-07,4.6495511669182466e-07,8.641123160350161e-07,3.344266408660069e-07,9.94640791860834e-07,0.20642234843362534,weak_iv_risk,sum_of_reported_horizon_betas_with_independence_se_approximation
ln_ecb_assets_ea_stock,2,1.1806404462478337e-06,3.175062516746012e-07,8.648938513016466e-07,1.4963870411940208e-06,6.583891366010993e-07,1.702891755894568e-06,0.20642234843362534,weak_iv_risk,sum_of_reported_horizon_betas_with_independence_se_approximation
ln_ecb_assets_ea_stock,4,1.7116116625835835e-06,4.248326154602258e-07,1.2891335190945443e-06,2.1340898060726226e-06,1.0128241941965512e-06,2.4103991309706157e-06,0.16606018789285695,weak_iv_risk,sum_of_reported_horizon_betas_with_independence_se_approximation
ln_ecb_assets_ea_stock,8,2.08481040855423e-06,5.327984943690896e-07,1.5549647456666016e-06,2.6146560714418587e-06,1.2084348726569499e-06,2.9611859444515104e-06,0.04747973874010471,weak_iv_risk,sum_of_reported_horizon_betas_with_independence_se_approximation
ln_ecb_assets_ea_stock,12,1.887104180793453e-06,6.111459398843752e-07,1.2793452830838023e-06,2.494863078503104e-06,8.818585649779726e-07,2.8923497966089337e-06,0.015702461606945408,weak_iv_risk,sum_of_reported_horizon_betas_with_independence_se_approximation
