response,horizon,cumulative_response,cumulative_HAC_se_independence_approx,CI_68_low,CI_68_high,CI_low,CI_high,min_F_stat_to_horizon,weak_iv_flag_to_horizon,ci_method
ln_compensation_ea20_real,0,-4.8755378922384294e-08,2.582057925418986e-08,-7.443285751075561e-08,-2.3077900334012975e-08,-9.122645235862642e-08,-6.284305486142179e-09,0.20642234843362534,weak_iv_risk,sum_of_reported_horizon_betas_with_independence_se_approximation
ln_compensation_ea20_real,1,4.497229798564677e-09,3.061998093748635e-08,-2.5953051628450994e-08,3.494751122558035e-08,-4.5868156903644667e-08,5.486261650077402e-08,0.20642234843362534,weak_iv_risk,sum_of_reported_horizon_betas_with_independence_se_approximation
ln_compensation_ea20_real,2,5.5790111211387644e-09,3.195330075207848e-08,-2.6197200706337817e-08,3.735522294861535e-08,-4.6979491513988706e-08,5.813751375626624e-08,0.20642234843362534,weak_iv_risk,sum_of_reported_horizon_betas_with_independence_se_approximation
ln_compensation_ea20_real,4,-1.2920615359948874e-08,3.615498402032973e-08,-4.887522423628843e-08,2.303399351639068e-08,-7.239027195816072e-08,4.6549041238262975e-08,0.16606018789285695,weak_iv_risk,sum_of_reported_horizon_betas_with_independence_se_approximation
ln_compensation_ea20_real,8,-8.553328034059421e-08,4.0538923901926845e-08,-1.2584753279170565e-07,-4.5219027889482766e-08,-1.5221387635338828e-07,-1.8852684327800145e-08,0.04747973874010471,weak_iv_risk,sum_of_reported_horizon_betas_with_independence_se_approximation
ln_compensation_ea20_real,12,-1.7467911230635645e-07,4.949939150787542e-08,-2.2390417240544908e-07,-1.254540522072638e-07,-2.560983659599762e-07,-9.32598586527367e-08,0.015702461606945408,weak_iv_risk,sum_of_reported_horizon_betas_with_independence_se_approximation
