response,horizon,cumulative_response,cumulative_HAC_se_independence_approx,CI_68_low,CI_68_high,CI_low,CI_high,min_F_stat_to_horizon,weak_iv_flag_to_horizon,ci_method
ln_house_price_de_real,0,1.3833017289775451e-08,1.8511205105496635e-08,-4.575596555098308e-09,3.224163113464921e-08,-1.6615205567243287e-08,4.428124014679419e-08,0.20642234843362534,weak_iv_risk,sum_of_reported_horizon_betas_with_independence_se_approximation
ln_house_price_de_real,1,6.0553771491119e-08,2.6314327027452687e-08,3.4385281537309196e-08,8.67222614449288e-08,1.7270555239226314e-08,1.0383698774301167e-07,0.20642234843362534,weak_iv_risk,sum_of_reported_horizon_betas_with_independence_se_approximation
ln_house_price_de_real,2,1.213067475735187e-07,3.46331908157376e-08,8.686549794610082e-08,1.5574799720093659e-07,6.434021804735031e-08,1.782732770996871e-07,0.20642234843362534,weak_iv_risk,sum_of_reported_horizon_betas_with_independence_se_approximation
ln_house_price_de_real,4,1.7821609577814488e-07,4.1476364526837986e-08,1.3696959810754948e-07,2.1946259344874028e-07,1.0999354715341406e-07,2.464386444028757e-07,0.16606018789285695,weak_iv_risk,sum_of_reported_horizon_betas_with_independence_se_approximation
ln_house_price_de_real,8,1.9146259104414622e-07,6.499889660285767e-08,1.2682392591749875e-07,2.561012561707937e-07,8.45489202190921e-08,2.983762618692003e-07,0.04747973874010471,weak_iv_risk,sum_of_reported_horizon_betas_with_independence_se_approximation
ln_house_price_de_real,12,2.6018192040697564e-07,7.081429060371488e-08,1.89760090872205e-07,3.3060374994174627e-07,1.437027776674597e-07,3.7666106314649157e-07,0.015702461606945408,weak_iv_risk,sum_of_reported_horizon_betas_with_independence_se_approximation
