lpiv_regime,observations,instrument_variance_component,policy_variance_component,first_stage_signal_component,instrument_variance_share,policy_variance_share,first_stage_signal_share
pre_qe,34,13813.604576748125,874324389253.1157,557414065762.3291,0.5312950734979143,0.2303394854512752,0.20969305778918007
covid,8,10574.224516411035,2272219416384.0205,1404155608391.4966,0.40670292539621805,0.5986128920061199,0.5282279390146998
qe,23,1591.9142751282584,575238246981.2979,505459105698.3947,0.06122777057266483,0.1515456773826849,0.19014817165821835
tightening,2,20.1298957404116,74025633328.94846,191209273611.32635,0.0007742305332027273,0.019501945159919935,0.0719308315379018
