nobs,coef,std_error,t_stat,f_stat,p_value,r_squared
226,1.5917073792803453,0.4802716995068756,3.314181078990598,10.983796224339327,0.0010718298871749245,0.0467427814207797
