variable,nobs,adf_c_level_stat,adf_c_level_pvalue,adf_ct_level_stat,adf_ct_level_pvalue,kpss_c_level_stat,kpss_c_level_pvalue,kpss_ct_level_stat,kpss_ct_level_pvalue,adf_c_diff_stat,adf_c_diff_pvalue,pp_c_level_stat,pp_c_level_pvalue,pp_c_diff_stat,pp_c_diff_pvalue,pp_note,kpss_c_diff_stat,kpss_c_diff_pvalue,integration_order
shadow_rate,249,-1.5212545149454475,0.5229720624825812,-1.5459978673418737,0.8128640441448985,0.4314260268187972,0.06360947119879432,0.3786794114488094,0.01,-7.929763001531659,3.538885594767231e-12,,,,,Optional dependency arch is not installed.,0.1957699970921308,0.1,difference-stationary/ambiguous
ln_credit,249,-0.8466683932709818,0.8050279098664339,-1.6788135295499143,0.760070960839174,2.332455889969408,0.01,0.2951863290242598,0.01,-11.935215255933636,4.679761679397493e-22,,,,,Optional dependency arch is not installed.,0.1655535159368915,0.1,I(1)
ln_real_equity,249,0.40306681257207927,0.9816092676291782,-2.6738523931151175,0.2470988818201506,2.303475169641624,0.01,0.26727029824483634,0.01,-15.431465535425922,2.9446744322803005e-28,,,,,Optional dependency arch is not installed.,0.1494646113853335,0.1,I(1)
ln_real_housing,249,-1.4837648772303862,0.5415267903070284,-3.333055752183831,0.06099572509925808,1.0910226672557706,0.01,0.49088855376190105,0.01,-2.4194435670765824,0.13632363607024622,,,,,Optional dependency arch is not installed.,0.5776959059936357,0.024664008546033112,unclear
ln_real_income,249,-0.02787545639224842,0.9561651922576117,-3.249663182358159,0.07495211696573358,2.3295590298131983,0.01,0.31552965085068096,0.01,-4.491117045336324,0.00020403647665557435,,,,,Optional dependency arch is not installed.,0.0469548743959756,0.1,I(1)
ln_cpi,249,1.209146765770042,0.9960484733788153,-1.3296519228990746,0.8803985544801536,2.223752419625297,0.01,0.3954843601610172,0.01,-2.7794930604153953,0.061263270964168774,,,,,Optional dependency arch is not installed.,0.34991447772782075,0.09874375960007725,unclear
