window,start,end,quarters,event_count,abs_instrument_sum,abs_instrument_share,sq_instrument_sum,sq_instrument_share
gfc_2008_2009,2008Q1,2009Q4,8,25,74.41494651032075,0.16945339989643465,1829.5460004241959,0.07036464213163277
euro_crisis_2011_2012,2011Q1,2012Q4,8,24,150.24308470400618,0.3421248379247424,11896.392739778725,0.4575372347007393
covid_2020_2021,2020Q1,2021Q4,8,16,107.08873173936652,0.24385624843950013,10574.224516411035,0.40668642589160664
tightening_2022_baseline,2022Q1,2022Q2,2,4,5.029160422685478,0.011452112407692857,20.1298957404116,0.0007741991234944238
