response,horizon,cumulative_response,cumulative_HAC_se_independence_approx,CI_68_low,CI_68_high,CI_low,CI_high,min_F_stat_to_horizon,weak_iv_flag_to_horizon,ci_method
ln_hh_loans_ea_stock,0,1.0575137255283765e-08,5.565499282503615e-09,5.04048261979982e-09,1.610979189076771e-08,1.4207055746618816e-09,1.972956893590565e-08,0.20642234843362534,weak_iv_risk,sum_of_reported_horizon_betas_with_independence_se_approximation
ln_hh_loans_ea_stock,1,3.836318032405822e-09,9.158720347185676e-09,-5.271643616966541e-09,1.2944279681778185e-08,-1.1228436348896777e-08,1.8901072413708422e-08,0.20642234843362534,weak_iv_risk,sum_of_reported_horizon_betas_with_independence_se_approximation
ln_hh_loans_ea_stock,2,3.275347142066515e-10,1.2000486185469445e-08,-1.1606443375283179e-08,1.2261512803696483e-08,-1.9411508513143793e-08,2.0066577941557097e-08,0.20642234843362534,weak_iv_risk,sum_of_reported_horizon_betas_with_independence_se_approximation
ln_hh_loans_ea_stock,4,-8.0671308876327e-09,1.5438815314534244e-08,-2.3420382484590745e-08,7.286120709325347e-09,-3.3461722253578275e-08,1.7327460478312876e-08,0.16606018789285695,weak_iv_risk,sum_of_reported_horizon_betas_with_independence_se_approximation
ln_hh_loans_ea_stock,8,-6.10824775980987e-08,3.975861892625163e-08,-1.0062074961484213e-07,-2.1544205581355273e-08,-1.264795861415251e-07,4.31463094532771e-09,0.04747973874010471,weak_iv_risk,sum_of_reported_horizon_betas_with_independence_se_approximation
ln_hh_loans_ea_stock,12,-1.748053705997621e-07,7.023470840564182e-08,-2.446508300486909e-07,-1.0495991115083326e-07,-2.90331185458661e-07,-5.927955574086314e-08,0.015702461606945408,weak_iv_risk,sum_of_reported_horizon_betas_with_independence_se_approximation
