lpiv_regime,observations,instrument_variance_component,policy_variance_component,first_stage_signal_component,instrument_variance_share,policy_variance_share,first_stage_signal_share
pre_qe,34,13813.604576748125,874324389253.1157,557414066818.2753,0.5312950734979143,0.2303394854512752,0.20969305790242532
covid,8,10574.224516411035,2272219416384.0205,1404155609062.4812,0.40670292539621805,0.5986128920061199,0.5282279385517307
qe,23,1591.9142751282584,575238246981.2979,505459107055.45654,0.06122777057266483,0.1515456773826849,0.19014817191120992
tightening,2,20.1298957404116,74025633328.94846,191209274127.4216,0.0007742305332027273,0.019501945159919935,0.07193083163463426
