channel,abs_correlation
asset,0.20174856909522104
credit,0.22632624492564907
income,0.2411266564593957
