coefficient_mean,coefficient_std,sign_stability_share
-666.9906560280534,1056.5132758467882,0.7222222222222222
