response,horizon,cumulative_response,cumulative_HAC_se_independence_approx,CI_68_low,CI_68_high,CI_low,CI_high,min_F_stat_to_horizon,weak_iv_flag_to_horizon,ci_method
ln_hh_loans_ea_stock,0,1.0575135283962145e-08,5.565498783826677e-09,5.040481144391411e-09,1.6109789423532877e-08,1.420704423590832e-09,1.9729566144333457e-08,0.20642234843224008,weak_iv_risk,sum_of_reported_horizon_betas_with_independence_se_approximation
ln_hh_loans_ea_stock,1,3.836314784769358e-09,9.15871943319359e-09,-5.2716459556763694e-09,1.2944275525215086e-08,-1.1228438093150043e-08,1.890106766268876e-08,0.20642234843224008,weak_iv_risk,sum_of_reported_horizon_betas_with_independence_se_approximation
ln_hh_loans_ea_stock,2,3.2753074712074955e-10,1.2000485358610937e-08,-1.160644652009312e-08,1.226150801433462e-08,-1.941151112016848e-08,2.006657261440998e-08,0.20642234843224008,weak_iv_risk,sum_of_reported_horizon_betas_with_independence_se_approximation
ln_hh_loans_ea_stock,4,-8.06713691659648e-09,1.543881695540047e-08,-2.342039014532688e-08,7.286116312133921e-09,-3.346173098152682e-08,1.732745714833386e-08,0.16606018788504126,weak_iv_risk,sum_of_reported_horizon_betas_with_independence_se_approximation
ln_hh_loans_ea_stock,8,-6.108247677816109e-08,3.975861770555594e-08,-1.0062074758097407e-07,-2.1544205975348116e-08,-1.2647958331372176e-07,4.31462975739959e-09,0.04747973873658527,weak_iv_risk,sum_of_reported_horizon_betas_with_independence_se_approximation
ln_hh_loans_ea_stock,12,-1.7480538821405228e-07,7.023471387755685e-08,-2.446508531045701e-07,-1.0495992332353442e-07,-2.903312120734505e-07,-5.927956435465405e-08,0.015702461598562825,weak_iv_risk,sum_of_reported_horizon_betas_with_independence_se_approximation
