response,horizon,cumulative_response,cumulative_HAC_se_independence_approx,CI_68_low,CI_68_high,CI_low,CI_high,min_F_stat_to_horizon,weak_iv_flag_to_horizon,ci_method
ln_house_price_de_real,0,1.3833020128862633e-08,1.8511205415801355e-08,-4.575594024596102e-09,3.224163428232137e-08,-1.6615203238561948e-08,4.428124349628721e-08,0.20642234843224008,weak_iv_risk,sum_of_reported_horizon_betas_with_independence_se_approximation
ln_house_price_de_real,1,6.055377343536779e-08,2.6314325873689886e-08,3.43852846289265e-08,8.672226224180907e-08,1.727055908124603e-08,1.0383698778948954e-07,0.20642234843224008,weak_iv_risk,sum_of_reported_horizon_betas_with_independence_se_approximation
ln_house_price_de_real,2,1.2130674727703433e-07,3.463318939887393e-08,8.686549905862769e-08,1.5574799549544096e-07,6.43402200813993e-08,1.7827327447266936e-07,0.20642234843224008,weak_iv_risk,sum_of_reported_horizon_betas_with_independence_se_approximation
ln_house_price_de_real,4,1.7821609685275025e-07,4.1476366904241345e-08,1.3696959681792734e-07,2.1946259688757316e-07,1.099935443175389e-07,2.4643864938796163e-07,0.16606018788504126,weak_iv_risk,sum_of_reported_horizon_betas_with_independence_se_approximation
ln_house_price_de_real,8,1.9146257768064375e-07,6.499888979340126e-08,1.2682391932571392e-07,2.561012360355736e-07,8.454891805614871e-08,2.983762373051388e-07,0.04747973873658527,weak_iv_risk,sum_of_reported_horizon_betas_with_independence_se_approximation
ln_house_price_de_real,12,2.601818155684834e-07,7.081429322127659e-08,1.8975998343065793e-07,3.306036477063089e-07,1.4370266852346164e-07,3.766609626135052e-07,0.015702461598562825,weak_iv_risk,sum_of_reported_horizon_betas_with_independence_se_approximation
