response,horizon,cumulative_response,cumulative_HAC_se_independence_approx,CI_68_low,CI_68_high,CI_low,CI_high,min_F_stat_to_horizon,weak_iv_flag_to_horizon,ci_method
ln_ecb_assets_ea_stock,0,3.707807936158248e-07,9.98184438279999e-08,2.715155552613403e-07,4.7004603197030923e-07,2.0659406424868741e-07,5.349675229829621e-07,0.20642234843224008,weak_iv_risk,sum_of_reported_horizon_betas_with_independence_se_approximation
ln_ecb_assets_ea_stock,1,6.645337071533497e-07,2.0069081316123475e-07,4.6495514591738414e-07,8.641122683893153e-07,3.3442669522925263e-07,9.94640719077447e-07,0.20642234843224008,weak_iv_risk,sum_of_reported_horizon_betas_with_independence_se_approximation
ln_ecb_assets_ea_stock,2,1.180640471474179e-06,3.1750623676439117e-07,8.648938913555677e-07,1.49638705159279e-06,6.583891863525574e-07,1.7028917565958004e-06,0.20642234843224008,weak_iv_risk,sum_of_reported_horizon_betas_with_independence_se_approximation
ln_ecb_assets_ea_stock,4,1.7116117211820065e-06,4.248326037417299e-07,1.2891335893465178e-06,2.134089853017495e-06,1.0128242720701848e-06,2.410399170293828e-06,0.16606018788504126,weak_iv_risk,sum_of_reported_horizon_betas_with_independence_se_approximation
ln_ecb_assets_ea_stock,8,2.0848103974137102e-06,5.327984549265601e-07,1.554964773750016e-06,2.6146560210774046e-06,1.2084349263936177e-06,2.9611858684338025e-06,0.04747973873658527,weak_iv_risk,sum_of_reported_horizon_betas_with_independence_se_approximation
ln_ecb_assets_ea_stock,12,1.8871038491016753e-06,6.111459729716098e-07,1.2793449184881632e-06,2.4948627797151874e-06,8.818581788625369e-07,2.892349519340814e-06,0.015702461598562825,weak_iv_risk,sum_of_reported_horizon_betas_with_independence_se_approximation
