response,horizon,cumulative_response,cumulative_HAC_se_independence_approx,CI_68_low,CI_68_high,CI_low,CI_high,min_F_stat_to_horizon,weak_iv_flag_to_horizon,ci_method
ln_compensation_ea20_real,0,-4.875537545471965e-08,2.582058088464202e-08,-7.443285566450697e-08,-2.307789524493233e-08,-9.12264515728169e-08,-6.284299336622392e-09,0.20642234843224008,weak_iv_risk,sum_of_reported_horizon_betas_with_independence_se_approximation
ln_compensation_ea20_real,1,4.497233363184258e-09,3.06199813568759e-08,-2.595304848089666e-08,3.4947515207265174e-08,-4.586815402885951e-08,5.4862620755228027e-08,0.20642234843224008,weak_iv_risk,sum_of_reported_horizon_betas_with_independence_se_approximation
ln_compensation_ea20_real,2,5.5790095638193454e-09,3.1953301132323145e-08,-2.6197202641794543e-08,3.7355221769433235e-08,-4.697949369675494e-08,5.8137512824393633e-08,0.20642234843224008,weak_iv_risk,sum_of_reported_horizon_betas_with_independence_se_approximation
ln_compensation_ea20_real,4,-1.2920595398083446e-08,3.615498404928727e-08,-4.887520430322005e-08,2.3034013507053163e-08,-7.23902520439262e-08,4.654906124775932e-08,0.16606018788504126,weak_iv_risk,sum_of_reported_horizon_betas_with_independence_se_approximation
ln_compensation_ea20_real,8,-8.553326811260346e-08,4.0538925517139425e-08,-1.2584752216997579e-07,-4.5219014055231135e-08,-1.522138667821858e-07,-1.8852669443021122e-08,0.04747973873658527,weak_iv_risk,sum_of_reported_horizon_betas_with_independence_se_approximation
ln_compensation_ea20_real,12,-1.7467914266922452e-07,4.949939951297549e-08,-2.2390421072905202e-07,-1.2545407460939702e-07,-2.5609840949006216e-07,-9.325987584838688e-08,0.015702461598562825,weak_iv_risk,sum_of_reported_horizon_betas_with_independence_se_approximation
