"system","level_condition_number","log_condition_number","differenced_log_condition_number","cointegrating_space_condition_number"
"block_1_credit_housing_income",7.35461882141052,8.00958334604154,2.52129206234381,1
"block_2_plus_ecb_assets",18.0912487160724,15.8102826429839,2.62120374025735,1
"block_3_plus_dax",20.0805377506348,24.1357016624242,2.74014071969411,1
"block_4_household_credit_only",16.747721410759,13.397361835166,1.65767195457136,1
"block_5_nfc_credit_only",10.4721032876257,8.02038293337829,1.68444192116353,1
"block_6_real_variables_only",3.88937199033222,3.69533237603087,1.28542492821417,1
